594-604nm,620-645nm,650-670nm,850nm,Sleep
13255.655147672343,19524.08856775455,8572.070560091879,17286.582255829264,0.0
15652.457959664802,14287.86324158924,4904.087620973787,17020.36924946147,1.0
13242.168446900881,15072.32258893559,4257.985167539563,16363.479891332607,1.0
12170.88798325266,22050.445210908147,8138.429415388278,17176.27055327787,0.0
12592.936525317034,16630.78384453622,5011.22265179456,15980.213185731474,1.0
16805.021569981833,16799.62517898264,4838.296379391676,18049.610404271338,1.0
15825.239041979325,15298.06207090796,5811.876570016299,16991.19006334058,1.0
13421.346013412625,19072.624497068547,6609.186127659899,18451.55432977194,0.0
14567.63452792336,16062.819527384667,5247.155709624995,16695.79010525822,1.0
13322.308923441245,17708.653116211495,8099.260760997265,18616.973986928337,0.0
13072.740790662137,20413.38452397262,8304.01156224679,18408.796694380104,0.0
17161.61888794641,14703.654693948274,5843.417828328869,16529.726417772,1.0
15784.017436858632,14420.346242558122,4713.907509354021,17536.18691491204,1.0
12580.002251376367,19546.104099183045,7158.640162353088,18913.9207850616,0.0
14631.089735932683,12062.22895045036,5170.675430175934,16342.736996974432,1.0
15203.242602970287,15421.217512686482,5889.951716156087,17395.95632063019,1.0
11524.337113632562,20197.081397737416,8593.168283251667,17932.006043746624,0.0
10600.84306385963,22238.867435828754,9064.459124751354,18047.315077817104,0.0
14256.524769485059,22017.69829662994,7792.95844769736,15311.959077173262,0.0
14574.435202305027,14657.066566466314,5125.809505345768,17835.21639363076,1.0
16789.891026107216,15191.298654087526,4857.45585953552,18111.633861480288,1.0
15026.085649317154,14940.849848852142,4327.58949551134,17130.48121563307,1.0
12865.50356368788,15389.453246965259,4390.229179252437,16479.889774939264,1.0
12995.758426646644,21139.92399030077,7682.8527327648035,18396.51536889369,0.0
16239.182770375468,14587.021443549625,4682.631033925596,16966.690150001305,1.0
13008.798662050838,18703.688599645466,7851.041831680583,20628.985924388828,0.0
13449.80382941128,20863.423939444976,6643.55278607686,18112.76630085473,0.0
14569.745049134415,14771.440888670992,5063.028892243537,17189.16586150938,1.0
13812.021054824549,14371.943118150813,5010.2764700284515,16920.70946227576,1.0
14815.819764741831,14728.525358013821,4307.153047753542,16883.58901697823,1.0
14175.813394494635,18658.93405713316,7479.39488853031,17594.72516383825,0.0
12967.46297558402,20150.630269208887,7609.854284810744,17546.11588595605,0.0
14710.466408132643,14986.88855913739,4863.99793796534,17360.813691237447,1.0
15017.014026381918,13678.61680804616,4029.6427389627,14566.434833761845,1.0
14303.70324114674,13231.80355758603,5993.267070929137,15326.174935761863,1.0
13455.757653819137,20948.685305614003,7517.769230241805,17648.65557556269,0.0
16205.492504791428,15156.929749380402,5989.500954538408,16409.755067792856,1.0
16197.19351361169,14332.948617236782,6249.111599996724,17273.49713188402,1.0
15635.695260666635,15522.888820910948,4687.551204014804,15639.333496182326,1.0
15195.792808531269,12777.885333319413,4208.982090888581,14879.975524625102,1.0
15974.895195304904,14261.783187139492,5359.411663274732,16872.867289069676,1.0
15531.860021474708,15009.0399964068,6508.048370607718,17195.21254602199,1.0
12672.675524394792,20995.005900926935,7687.694036245621,18484.050159246923,0.0
15287.354361506701,14316.849492930105,5249.023397788452,14684.786604736713,1.0
15235.408491457343,14597.269347865269,4658.65328845061,15354.39321953268,1.0
11891.528309791829,18726.69810534109,7355.8200417376465,17000.803868000607,0.0
13993.797498742291,13913.058797597341,5636.337755652915,17967.31988513826,1.0
11839.500030506648,20255.62400408034,7179.710465284017,16730.46153753501,0.0
12858.405095180406,21483.753175097612,8396.127141160283,18270.246393719055,0.0
13272.222671597914,23826.197761075175,8763.747195181237,19191.656427112917,0.0
13841.469691424607,14370.628523751231,5860.865448755621,17915.364551123253,1.0
11402.858892217055,20396.11690413344,8540.066599869566,17138.508272210285,0.0
14757.83975111324,14930.821130363804,4731.255923840719,16263.17320727653,1.0
12908.939773051054,21194.740024857074,8383.456637108506,17888.499919889964,0.0
15164.538664543901,14134.400915364073,4744.7543824251,16091.5881818545,1.0
10920.98964658147,19454.461012412685,7341.38800782864,18840.71760890002,0.0
12905.115172930415,21172.907012839692,8234.388704797646,16851.174681116496,0.0
13958.546354288183,20497.01151441258,7667.473117575202,17204.21602784373,0.0
11787.584077175638,21289.563803335433,7305.738444029985,19299.640078097236,0.0
12978.571612293137,20495.99643290833,7643.756261420003,17978.839108959583,0.0
14871.041776742493,15294.423852304886,5625.950993466799,17381.92976898982,1.0
14428.425727145044,17118.818906852364,5039.949602736085,15216.518555906992,1.0
13252.645941391409,14990.688993500775,5642.583053967451,18307.614986131568,1.0
11301.745346463043,22241.472034100723,7766.144543581051,19741.77383838943,0.0
16445.21857099455,14235.342197578597,5894.38247182964,17079.02274271297,1.0
13947.985185861004,16044.465833265987,5408.108323810272,16230.8845647175,1.0
12749.644493456977,21070.452062773318,7915.15387110052,18798.559480016916,0.0
13348.339340772965,15837.496940997238,4400.629227063088,15711.856961959615,1.0
14406.647733906566,15702.74873009326,5287.095286664143,16408.81389017025,1.0
12446.333009543254,19172.791292785445,8969.953643647677,17876.606810630423,0.0
11605.050746747049,21342.477285726818,7881.528935400151,18893.250852824855,0.0
16390.59099204219,14345.802497473356,4784.271671143513,16689.387669447337,1.0
14081.274374968409,20900.65292869536,7228.971870142159,18843.46308405451,0.0
12673.947317229722,19007.731553361806,8552.623566000393,17601.13772985411,0.0
16585.039758324467,14316.290330639418,5029.085823741607,17096.854345983702,1.0
13455.811741625928,19428.07708821847,7304.199988784146,19095.871747611,0.0
14973.683078935726,14179.175637860102,4774.067911570259,16026.68085183105,1.0
13649.054346903884,18918.23420146816,8507.885483123695,18557.23106458872,0.0
14945.199973797407,15649.09696298745,5578.154697788634,16188.061891870426,1.0
15368.828495428803,18321.099387572922,3068.974535968812,16988.873219207348,1.0
12046.840733962264,19637.949139896504,8773.297710829102,19711.048738799447,0.0
13874.452623475523,20439.19569240086,7440.618341259921,17579.0356513521,0.0
15513.853359347377,15288.644773851063,5994.752386962973,16398.589290119875,1.0
12527.38426927823,18608.253577318155,8104.313525130805,18985.803789279507,0.0
14105.746132683542,15048.149472095354,6135.268863800147,18346.329079788033,1.0
13350.139299362228,19095.3568757871,7884.476150865292,17338.40478961805,0.0
12973.922026184518,20208.83163259193,8136.615383364138,17352.75833366191,0.0
12941.7340942335,19752.41876420972,7120.079592996817,17120.97851776612,0.0
14853.943751089788,21461.721269489743,8429.56615049294,19218.741263867618,0.0
14522.081900958472,16699.306885507758,4602.923166077466,17271.572185470162,1.0
15327.909946410049,15067.90256894183,5046.407539288557,17640.333976364993,1.0
15020.059405402933,20067.82671312391,8350.424534984242,18914.665418830697,0.0
15354.607688320562,12509.315609704066,4404.750100442451,15746.336878367418,1.0
14392.567218338994,14496.57476246914,4651.876241848881,15484.511660445387,1.0
13096.57657237856,15085.995513066116,5713.883261616189,16515.933498227037,1.0
12774.11972702378,19655.416117374672,8292.25812827046,20745.275117245572,0.0
13186.596451865416,18851.881227298112,7635.872567028071,19041.598116709316,0.0
17525.673999314542,14340.294314056391,5104.968213465042,16594.675625858254,1.0
14850.044554197457,16275.098107199186,4280.780378469938,18145.802107094736,1.0
11039.385836022715,18947.308221090636,7137.251871554273,17628.42719036278,0.0
15589.307807250967,16573.76375055754,5507.7777621628275,14870.53546876201,1.0
14192.766864011397,18949.060922995286,8818.39684566555,17260.036004771508,0.0
13639.056367085526,19277.84527555414,8526.58288897093,16643.752303253867,0.0
13142.27581857963,19914.49874304012,8607.473422291996,18523.661650329148,0.0
14176.783532036576,20420.096447232714,6998.966506213285,18318.96905539677,0.0
13866.319168290489,14407.716642869877,3915.395598192355,17252.941345690968,1.0
17367.174932308397,14474.602099078822,4481.37638879702,15781.641382897884,1.0
16067.033009576287,16436.845674094202,4939.052897209552,17403.911094644583,1.0
13389.052104474875,20823.459794905306,9782.831675617059,19925.403076412123,0.0
14830.948011473802,14368.168740486848,5577.808972793956,18058.047745232558,1.0
14358.247860790498,15514.853148733202,3824.487913611022,17844.00145118563,1.0
14144.498626891616,22848.436688942293,7362.452545849382,17963.947637252848,0.0
12174.598809572779,19942.90944752442,7294.284296930902,17625.946668030516,0.0
15339.336705933936,16859.28480271813,4056.0888516996292,15927.48255191353,1.0
14900.718640310462,12987.383004272215,4894.506144326001,17719.67864247477,1.0
13961.471990128497,20982.749348599285,7843.438905534089,16403.91000741848,0.0
15802.892636783357,11730.92308470389,4757.7426732606855,16621.977392323544,1.0
15481.051577344859,14202.714435566204,5497.034651076155,16374.854181514018,1.0
12289.672729727015,20309.406657359374,6783.908896975385,18664.525748341406,0.0
14127.286783768317,15376.497418117891,5457.839668084874,16601.92937908156,1.0
14685.818706754491,21457.215922952466,8063.839974318063,17396.240365226946,0.0
15020.5664107369,15907.571447435475,5602.190824267727,16873.481820680514,1.0
14495.26937672735,19276.5731958208,8175.679391099785,17554.843501553565,0.0
13060.855411790326,21747.070671058304,6169.463369643668,18365.916298975324,0.0
17275.468516694356,15169.579876044314,5495.2546342796195,15736.473443598792,1.0
13762.675454521273,21454.72478368876,6905.578891973815,16933.191797135638,0.0
14858.701742904354,20197.715990872282,8315.847215473308,16747.158536114282,0.0
15990.270440936049,15615.740469743216,5057.012342969907,17157.58046470411,1.0
14087.024639022911,18222.155442708623,7080.819244898484,17647.40546384033,0.0
15231.097993941921,12599.352257973644,4928.721353972147,18411.937289597514,1.0
13403.52203813606,21149.617347688592,7910.450027249296,17582.56944771752,0.0
11800.886958146368,21777.49617557086,6966.613208184127,19845.898712765404,0.0
14448.368931990868,16730.768739564315,3348.7200329776456,17036.452906682654,1.0
12651.26456806747,19505.51665913548,7407.472208137103,17090.5337185166,0.0
13152.87636628831,20996.92921153164,7838.990841633075,17627.90185804574,0.0
14705.931641652558,14763.827250565955,4378.824158189844,15912.51158077726,1.0
15443.581076446879,13749.109696973412,5358.3535867820965,16711.484791152514,1.0
16334.842882077737,13624.076548496903,4530.506703176916,16782.70282903225,1.0
15326.30294171008,19544.555420869172,7729.78192507838,17693.11887102321,0.0
16705.254916825397,15863.441266819318,5647.335295017645,16378.274092315369,1.0
12963.461082484519,18203.447499272843,8940.213184243952,18663.168029436496,0.0
15213.986647185682,13908.205961906446,4932.35337966202,16045.326796999712,1.0
12053.062163538245,18650.604909146125,6806.742996621487,16978.039773860713,0.0
14906.75155578615,15924.533085055125,5706.216844519407,17510.581462786777,1.0
12452.131769115782,17124.42069565303,7901.477894787829,17659.125564445912,0.0
15838.990018358672,14824.198586886998,4537.032328960316,17316.696813707233,1.0
15801.77420853504,15563.868938098181,4774.971916360297,16983.90459556391,1.0
13638.678220050228,18917.64023594409,7585.137204550832,18015.38385026018,0.0
13370.751789264885,21279.123225455096,7839.859919388556,16834.16062343012,0.0
16294.807345822866,13887.915433571447,3387.514264970416,17096.34894588414,1.0
15941.43961989015,15534.111268188946,5046.617130441394,15366.198981258814,1.0
14766.541869887607,14641.52191148686,4454.198558730859,16921.395324277237,1.0
12016.174547922923,21032.654493103917,8734.182837599825,18136.335031648887,0.0
11425.187568198402,19361.077107919424,7546.559426050364,20256.081207499785,0.0
15874.235391499675,15330.136829076202,4468.980405921249,15791.446530731118,1.0
14251.33853069742,14275.451524828393,4376.775994188664,16116.791668037291,1.0
12829.574422158194,16232.415670763588,7347.940237635616,19050.147330184052,0.0
14516.108665672567,14614.572374794656,4788.47662219454,16735.69664273745,1.0
14630.743170036627,14579.803157723558,2527.5707781189953,16100.28688658965,1.0
16766.900625645732,14476.604572280015,3216.5084157133742,17413.443736146288,1.0
12019.059026845905,18403.719070871597,7118.915500366917,19554.230414940655,0.0
12497.555325422969,21199.196532277118,8471.227701889513,17681.68151685061,0.0
14275.929954832753,19022.30499825673,7289.560323215939,18986.53937126059,0.0
13013.332676680258,20194.48016517711,8872.625876808932,17257.2368108091,0.0
16422.16915106386,15196.569980047767,5709.9063202109155,16597.90565894121,1.0
13509.330623904796,20227.5173193627,7855.0492797324,17548.16780286093,0.0
15377.601572804031,14409.605386504005,4895.2793939475605,17786.965193017746,1.0
14281.728346757183,14521.8899425783,4651.940926744826,16521.45942150058,1.0
14693.235500885672,14702.731861222497,4930.884320855651,16838.750620105762,1.0
16276.39848107885,14837.640273801813,5620.650768507204,16031.841978675517,1.0
15644.552502544695,15340.83279114757,5036.483371386196,18816.112441162062,1.0
12434.441476139375,21222.006044774163,8088.624104277642,17570.711521874488,0.0
14690.59044642919,15370.449732697654,7151.42770644441,17704.038735824255,1.0
14529.225401192716,14362.372238192153,5664.440839730118,18073.967856407373,1.0
13532.724400939476,21642.54500022232,7937.004225315662,17298.538199149247,0.0
13627.761594222007,21623.635229309813,7603.267886357,18695.38206085253,0.0
14066.621183035364,16888.37790106229,8194.048166383427,17334.776402036445,0.0
15135.304043914673,10990.129662162384,4558.70562437162,17290.585300948296,1.0
11165.007387211223,18912.320184792938,7120.406772677607,18285.412420562177,0.0
14519.826982061297,21062.85644951835,7444.520131338615,18341.371045568387,0.0
14882.345105508719,17076.873611598417,4775.709425949668,18678.702815443856,1.0
12476.631610160539,19929.08933910369,8061.288202462145,17828.805926749108,0.0
13931.070220892976,16347.289853558756,4957.374636862891,16161.015073806508,1.0
11829.222343662579,19940.166341294378,6306.525894450856,18845.213204561656,0.0
14075.772287765714,14529.826330022435,5476.184202366175,18012.18703283324,1.0
10919.951369707878,20058.41000298108,7763.204422893509,17409.672362755453,0.0
14879.21946887292,13723.843236899931,5469.871196345328,17582.410774847667,1.0
12836.819063229828,20086.94395413092,8641.65751414908,18096.393730402375,0.0
15094.801310237068,15455.22779167114,5388.437685520916,18592.408257418116,1.0
12575.210362583586,19405.41059939888,8551.628210691912,18694.008566891935,0.0
12171.275366290129,20427.32135619428,7672.705992990336,18804.221919931348,0.0
15709.301464052134,15092.760308089857,5303.071108980921,15771.105802185268,1.0
17573.44973104775,15775.550711527565,3260.077663541345,15983.61994435175,1.0
16387.017845008086,13619.653032071024,4821.066268766902,18445.555794490054,1.0
13235.429078058181,21612.74639381429,9030.81233394504,17597.32931389078,0.0
14569.632194341391,14331.307901034654,4399.092250820386,18024.06513066497,1.0
16901.33714548823,15426.465548000597,4264.450242437686,16485.137863774562,1.0
15012.302749120909,15011.074131179348,4931.964550547878,17382.61125705274,1.0
11621.37558610244,20629.086373066762,7305.8128679159345,17859.432278014356,0.0
10441.027353713936,22728.426865705696,6337.92217772497,19052.45883675432,0.0
12630.605465286553,18041.83944313457,7800.241566735971,17261.1777016203,0.0
14525.103583523454,19323.261235907743,8231.509510834814,18848.097314043676,0.0
13190.40355459028,21619.275193087666,8159.540596814733,18670.776214241112,0.0
13852.349334404413,15784.69920066528,5410.8234453681935,17488.24111055319,1.0
14001.617348765556,22344.86383252554,8628.718436335654,17218.35770475968,0.0
13429.127143822932,21126.85572105754,7593.753194421386,17569.770110219106,0.0
12219.938522500268,19697.978883009764,7523.47956824715,18560.777533191078,0.0
16166.917938843853,14349.877204828468,5385.607492609801,16038.399206315187,1.0
13334.162657668214,19590.183226057794,8528.693236300423,16402.208602841587,0.0
12419.175219838478,14546.220665077552,4479.684817382807,18223.274163168717,1.0
13275.326617516064,21230.16319177149,7674.012693160953,19770.367535228535,0.0
13030.521192179087,20467.48379282797,8043.302910149156,17868.965327150876,0.0
11392.64528077285,21037.010645885537,7165.13240496508,18830.44948187185,0.0
12640.480253063339,23194.281865472465,6879.604729997292,18471.002173890833,0.0
15103.899842211285,17157.982271809975,3760.933120153889,16910.551771898627,1.0
13072.357239174802,20172.44100719388,7342.904293651424,16490.629109122026,0.0
15109.355818274053,14094.152447015158,5551.793805506309,16446.66915491462,1.0
15440.28017851357,15607.720848236993,5466.498545555259,15972.695614729791,1.0
12598.464434076717,19647.181096892287,6962.634839106936,16103.680835492985,0.0
13980.847345646163,14232.3153839683,5292.016473504054,17804.35351747321,1.0
13799.696108941445,21511.13432756331,8872.984593109717,16987.77219878856,0.0
14614.077298629907,13950.20112570884,4596.018775973363,16860.61808001515,1.0
13463.40296385585,14886.186387064747,5734.5299197634795,17762.52623407786,1.0
14707.140864532797,14579.670206948489,5129.989123563177,15434.366368513605,1.0
16168.248659570985,13056.07110383208,4957.874305083553,17913.72428552712,1.0
11929.563598797198,21101.405214524246,8746.373276086782,18259.33384065947,0.0
15567.702820702038,13679.07286722544,5275.212347648113,15274.364887489197,1.0
14258.641463511063,14969.918081608737,4762.935946583041,17794.43211968211,1.0
14806.52407737064,14837.80186851329,5317.1451611996545,16066.649397620691,1.0
13428.038342861711,13918.071073678027,5517.496851322088,17549.596477051135,1.0
12461.508441103419,20886.831927833795,6948.552137253395,20285.509869858113,0.0
15452.222136624689,19093.42957522033,8321.103708826035,19669.232670326273,0.0
13014.91703854782,19271.65734313103,6597.406276245287,16993.94820870741,0.0
15846.653742673929,15095.1499013018,4059.102806665909,18380.11327564472,1.0
15444.42617833404,13432.22980499025,4200.029061799042,15764.06880108561,1.0
12222.567706746519,18343.631863735485,8221.13265505165,18147.48010627478,0.0
16923.26368211642,14277.63198036938,4267.356810868366,15033.714366030272,1.0
14018.332585922799,19341.280705205536,6519.911267609196,18551.615073990357,0.0
14686.182431155277,13310.283107599918,5317.670915771505,19704.15565019339,1.0
12505.002484838034,19088.956635494866,8431.53661861626,17367.277861888386,0.0
15358.489217955661,18391.764958276795,9221.87650221901,16931.27880047987,0.0
11803.368164658297,21074.28429652587,8895.103491915841,19116.706009973626,0.0
13191.465276383806,20769.2672264655,8025.130590736711,18252.354338596408,0.0
14324.001818612527,15140.04091287966,5983.217542142431,18177.972068895866,1.0
13955.982093203813,16614.456608709126,4928.475381020617,17043.87266067283,1.0
13666.894054037215,19906.471747803873,8044.587672674525,17373.273808361566,0.0
11935.103192839906,20529.7846406015,8979.633469295713,19503.28606470847,0.0
14825.481903590744,14729.866605117264,4737.866537937724,17739.735484253997,1.0
14049.66666312878,14714.195736157319,5471.511158392012,16489.320770906415,1.0
14631.000425270131,14477.53148511943,4265.465475938356,18348.545030509315,1.0
14382.252138665122,19543.507305971398,7407.477662563442,19481.647142277445,0.0
12572.049769820473,21190.249951323007,7504.54684050543,17364.86972940364,0.0
11935.928920181019,19162.46987380853,8019.395788408203,18421.776331578934,0.0
12653.293686383653,18623.733989880042,7153.192726063379,18921.196491482668,0.0
14563.020853956581,21152.10032053571,9019.607328728145,17739.26215859807,0.0
15782.35922949873,15339.023120288002,5507.165606155942,16779.581719895556,1.0
15837.321394349437,21219.980748009635,8613.33150798893,18229.586154918743,0.0
13318.736306602235,19878.86517337152,8836.380099144295,18502.33189400635,0.0
16258.910271525066,15715.739053410563,5755.3754597725565,16040.843440290711,1.0
13834.099071118731,16651.734293871537,3878.288306790262,17151.094470416243,1.0
15575.94723951583,13636.1023891507,6036.718126999567,17613.08735634325,1.0
12492.432153249287,18824.091613429926,8320.234084893078,18421.109260930072,0.0
15332.738577595224,12731.428561612756,5281.203725352271,16484.66683277081,1.0
12720.663521439237,18776.68167879344,7883.720199913382,17657.00520881927,0.0
14476.15896057889,19218.27876889526,8516.338279206087,18779.505559316698,0.0
15303.229682507292,15005.252392193413,4389.4557576224315,15286.655137666281,1.0
13392.179130098495,15556.314198501406,4344.291253021419,15255.438931329827,1.0
15414.808820042053,15887.171230590839,5752.137404864187,16757.760729303736,1.0
13987.318880524954,14015.21848009064,5241.563175513803,15750.94769043928,1.0
14571.998986185432,15465.461251678622,4563.88134552052,18778.17529220394,1.0
14541.196314969437,14564.985482885157,5730.965933708415,16203.39878812243,1.0
13837.583110454085,19889.875967377448,8489.447667072931,19043.433604442533,0.0
12919.663675879052,20065.381836848566,7065.347222221776,17958.71009034946,0.0
15212.901555431536,15556.931535913269,7785.667698948403,18513.750585106794,1.0
14847.448241872671,13333.866874894133,5535.943640184164,18647.00295457295,1.0
13408.278553310756,21045.813566705685,7562.980499112255,17420.622484918178,0.0
14352.477757850738,15175.808020931332,5100.558701337015,18040.351509237986,1.0
13826.009873610532,15158.815257084227,5707.503986408852,17134.054495899498,1.0
12214.366509977175,17379.79878032909,8389.219364493958,18687.153272582324,0.0
14920.429434706737,13778.66477628688,4987.960936002407,16331.302840686352,1.0
11833.472136778926,22171.174329433998,8579.715496146962,19205.256336532584,0.0
12805.251731301301,19715.257778183517,7203.61701282457,17279.367970576193,0.0
14827.506413114752,20640.199217024223,8134.328464089274,19244.884685235986,0.0
13794.148751668119,15053.674624507095,4265.1222338338885,19157.125840029243,1.0
16039.802183768654,13860.964572911798,5000.906574789294,17890.839054469117,1.0
15139.725234215251,14158.81351946702,6311.160342475705,18248.90069619084,1.0
14367.150874279258,16065.071321527967,5028.522579580508,17423.340301892833,1.0
12230.97117903201,17955.053619098868,8181.943141449073,18625.83746687368,0.0
16320.765273402112,12492.061589473906,4968.011367190164,16885.02566679322,1.0
14401.984278302432,20378.28155742362,7637.962772072204,18130.390110579403,0.0
13173.218550509704,16305.312914547929,4867.603446640058,17881.786550749424,1.0
15652.044710436516,16086.810246125286,4626.323531946148,17145.649252279814,1.0
10169.228784764151,19129.124648710702,8401.818627216197,18870.404474535273,0.0
16067.574827763397,16251.618349804641,5804.183977222366,15778.809145652456,1.0
14253.917248657555,14927.965023933264,4478.889114299812,18015.173542673234,1.0
15238.823573831258,14303.43851379738,5458.483672121554,17170.356815171504,1.0
13005.34128619934,21553.73223874677,6958.324512939671,18423.376690128174,0.0
14172.710036280847,14093.855783070225,5732.615370941863,16205.858287373136,1.0
15759.911168540359,16111.816933058955,6506.573861948305,16010.541734572895,1.0
12159.26822966391,20387.437792197907,9008.383086908441,19035.60519023102,0.0
15137.595649965875,12916.962364948467,4873.993108654167,16296.060091813832,1.0
13631.63908548541,19321.957561355415,7338.732989673881,17216.69912557366,0.0
15417.316567677126,14870.279865592795,4043.595164875349,15485.958000056564,1.0
12413.746810483368,17885.57112727792,7256.305488565372,17709.498459354872,0.0
14191.581850038838,19481.4496117652,8093.730954861392,16784.53270566772,0.0
15496.252806774963,14859.583869293616,5180.806790567412,16161.93532167737,1.0
14431.022497302747,14148.976649284627,4763.017634958325,16165.915758946474,1.0
12258.303310414965,17914.71994117526,7176.30586687475,16898.29037518296,0.0
16169.323273243606,14779.572435043896,6173.6533603007565,15298.459121821925,1.0
14186.888704345702,14798.485022240175,5209.549858461586,16083.990089717727,1.0
16110.168196998773,14391.340464265639,5902.327806980495,17924.83292479212,1.0
15089.302955781624,15684.948008954947,5826.1027361716115,16816.468786286798,1.0
15555.17032389199,15059.422106315626,4908.926767003184,16235.817988317189,1.0
12494.891097464897,20086.93556431391,7467.001993219587,18782.917445080675,0.0
14351.045326128373,16617.465021659562,3586.8041787729862,16434.22457212528,1.0
16008.109581172674,13735.106386563675,5133.606826010886,16974.831099717037,1.0
15587.925900913793,15383.908024874727,4539.494814091065,16682.442933552786,1.0
12874.074114955982,19257.639058465295,7852.571276981648,18271.082279148286,0.0
12588.226563767988,20196.219816316912,8849.197097185359,17298.203137323555,0.0
12583.296223751431,18313.835149583934,10828.156463729565,18114.954133690106,0.0
13784.06826461377,15883.639616728853,6417.457918258004,16846.35205940318,1.0
15727.392234264213,14153.202119869753,4873.104950160759,15824.217493316923,1.0
14591.210614567884,15357.984947294339,5876.131581538946,17932.91303045157,1.0
14992.383345840612,16240.359310534364,5920.128560484558,16112.704619570974,1.0
15228.920889979583,14489.745296897403,4737.774000851216,16612.671838158807,1.0
12810.749175249228,20364.810034380178,8020.662447260111,18121.324781091233,0.0
12166.953156314594,20722.142267813833,8530.844304660197,17137.601702321088,0.0
16292.923279398281,15127.167743107711,5859.296946061148,18118.370434107666,1.0
12722.287112273707,19179.835589694703,6870.299247013336,16329.680530657164,0.0
11963.420739352478,20713.439575373483,8946.07781487987,16943.242283719992,0.0
13326.054819898316,15250.489942771243,5036.596498961951,16334.39167024407,1.0
12036.469656601352,20118.403142030038,7691.455711772465,18347.51634251025,0.0
17154.492704570464,14701.449844986808,4652.340791077853,16644.064073251822,1.0
13332.091207695308,18815.35858099422,6505.088296334273,18873.644288207917,0.0
15865.694589305966,14899.870895860728,5276.554987271638,17347.225676513568,1.0
15206.411932050585,15757.773154620256,6230.016827320854,17368.301412718156,1.0
14034.177513826913,19378.982529966757,7440.977185145707,19228.2014278497,0.0
12711.144440743998,19281.324988036406,8269.089740469723,17984.9737066996,0.0
12323.270539830595,18121.16093330503,7926.7350111491,18245.799947269214,0.0
12358.485425933775,20606.016642114053,6528.41452806213,18889.03213594047,0.0
13057.41324802561,21575.834377390096,7445.265807603563,19238.665649561844,0.0
14469.086498437582,19268.967457896884,9421.101677221011,19087.22528694018,0.0
13603.40071087467,21529.65439548288,8295.200195709285,18750.8329175943,0.0
13981.906877438927,15856.542473377658,5836.752562290076,16875.054906278638,1.0
15312.287425137753,15526.686878418286,4426.755135373841,17078.070151216587,1.0
15165.900210251197,15150.129269147434,4973.438445588081,17407.8396726881,1.0
16364.03293753794,14858.056649436874,5539.609192934303,16290.02560579832,1.0
15627.907006036858,14463.411451954422,4008.8084465781913,15971.75870832965,1.0
13629.68796390744,19806.42174202032,7055.37662716114,17212.269628055587,0.0
13905.823766384421,20659.46064812891,9466.775924500207,15695.137577452555,0.0
13751.048990368981,15038.910769711136,4695.836941086299,16235.4289961153,1.0
15216.808270979653,14467.72102457322,5435.8755856212165,17910.91078031993,1.0
14811.864680358638,16156.534077312097,5471.623204983773,16781.842900637665,1.0
15978.249763589929,15232.16380667981,4482.81055297116,17486.475700096962,1.0
13823.495015720244,18266.2830466281,8397.404043041612,20369.482391628808,0.0
14019.559378085525,21281.570855693117,8590.85038757387,17027.984619484887,0.0
12814.10059524132,20566.091900267893,8442.244728552061,16717.965937469908,0.0
14425.294556106921,14624.13737183245,5087.035278733047,14048.039192356497,1.0
15471.837558690717,13764.470672043126,5438.977445452286,18192.125399011293,1.0
13034.76177879037,19788.513119921376,6798.467970524675,18314.12145464657,0.0
12114.311999296644,20637.611718652883,7518.813256829986,17193.829724290947,0.0
13113.855448306502,11998.04675904381,4544.353313391466,16428.195618856695,1.0
14439.1737517816,14552.933345558462,3932.9141861843273,16864.087069225392,1.0
14749.336370078794,13990.577306614197,4694.17627231998,18192.46615292423,1.0
11883.500719711008,20924.662301510198,7521.232428737679,18501.044868277673,0.0
11932.346550439837,19002.630954994995,8591.023433926151,19153.534864735364,0.0
15784.365799942294,16981.22042206975,4549.051616473271,16140.454955694235,1.0
13710.510304859616,15053.56504819432,5354.855023743608,17639.113483852147,1.0
12853.510082557128,19574.939494618888,7473.229202139832,17690.511144845732,0.0
12211.789136019246,19024.050410865533,7402.981777451878,18141.5757778394,0.0
15302.524801740197,14406.214547683698,5647.813025465756,16125.085607597204,1.0
17402.179354378546,14988.460539219877,5871.504539995002,16750.896050142095,1.0
14982.182902105393,17483.50838482832,4620.630598882256,16196.769533970533,1.0
12022.999350757089,19774.614497262835,7612.207188383136,17079.66438555296,0.0
13765.006047828016,15092.742168614122,4814.647585774064,17233.425511648067,1.0
13406.93113108077,18967.81405477369,7768.554525873245,16680.153740794936,0.0
13607.15729676367,20871.540625318958,8366.415322663477,18925.693166023124,0.0
13725.034262878507,17333.12814268115,8972.496065004765,18677.003747667008,0.0
12018.65459451496,21969.669290427584,5988.271096812736,18106.010865219523,0.0
11788.636941227389,20083.01959690871,9909.029391947735,15954.717244048794,0.0
14407.533326069743,19163.744114403406,8685.141209019846,17624.009321742535,0.0
15182.644173225586,19780.825910869542,6209.323944329171,16898.58933625037,0.0
15107.825248579788,15285.708277567453,6003.875574377942,15901.815576783905,1.0
12729.54785552506,19982.302985500737,7869.73067719316,18242.79821102039,0.0
11317.61162947021,19302.292852299164,7807.441552367228,16748.5768014339,0.0
14264.682534900277,20565.31203171374,8857.770365245056,17456.12590443492,0.0
12883.166600874518,21088.520065811277,7954.333213645173,17309.089352425894,0.0
14136.246760315858,19736.68321771683,7875.277165506699,16351.621188927129,0.0
13098.970283239325,19236.069920301692,8220.01321068036,18295.841207998357,0.0
15209.59007156499,17254.827024958853,3986.064658746741,17415.94935428497,1.0
10729.841100871185,16840.372484661024,7677.7667254119915,20024.313012837993,0.0
14108.068476293978,18431.305516658424,7246.268624988857,18423.188079363754,0.0
12695.039320719661,21286.230503658615,10211.636420613233,19295.314604086005,0.0
13376.025477452346,14875.608331671578,5617.983819222664,17742.00427982031,1.0
12943.00149079026,21109.920111655127,8716.32787762001,18081.328681420237,0.0
12775.98663068915,21454.079406798293,6704.497407885217,17865.061653343546,0.0
12211.086308957043,18616.056150757406,8515.2781190012,18350.050286897356,0.0
13598.28410077099,19026.61902183738,7722.195261350281,17399.311610855886,0.0
12342.444981775947,20132.637141175182,8375.69227398244,18686.369778721677,0.0
16251.615182634043,15079.204902008512,5869.412645033325,17714.612014077655,1.0
14952.400891843627,16361.481615729663,6283.269265173891,17155.94802985979,1.0
12157.48339830992,19540.544657202456,8107.716308194295,16951.20120957778,0.0
15467.496797992151,17320.912776232424,5582.7155139915285,16007.01918899619,1.0
14741.303013036002,14375.30123450174,4901.473280561066,17391.842949314727,1.0
12267.587499794758,20767.793160410125,9098.343205634117,19560.744516540883,0.0
15620.374307235868,14095.176779410385,4485.653000321887,16333.867961913751,1.0
15493.814094268297,15355.172343868118,6398.322991619207,16955.8806958564,1.0
11521.798403316596,21327.291975211,9139.60022635436,18567.95140405913,0.0
14482.257245871639,16216.833317116065,5026.410501090513,16649.575678198606,1.0
15948.678926939821,16087.40724071558,5482.56811303064,18113.041422339673,1.0
12182.237935915377,20247.747513143007,7646.098375946945,17379.864767372837,0.0
14024.119004521757,18278.407602814263,8183.297556708808,18537.97219629127,0.0
12534.417519847739,20966.610559737444,9365.262262802486,16997.40898558519,0.0
14185.577472893803,19591.336543701447,9408.574686573433,17168.220650206138,0.0
13474.970888248923,19189.016456057143,7759.913164310039,18410.54886407767,0.0
14872.205465446901,15730.494076558976,4733.9523946584795,17729.681323530673,1.0
13690.556594474181,22224.73096182703,7739.176546981892,17025.539060741085,0.0
12787.776115432916,22822.21364201862,9888.132197403575,15990.336200812179,0.0
16784.046913359147,15823.732033860686,4717.680336518319,17046.351287366433,1.0
12869.030965335029,19555.26640333677,8307.748665313258,17446.813689689272,0.0
14072.051464058413,18916.267936501066,8205.790987089851,16385.266208864286,0.0
14941.828184956394,14754.588743156077,3814.076338699218,16200.211260487924,1.0
15914.887899865116,15682.430735760345,5804.5170055630715,16909.447212142313,1.0
15642.252526161974,13702.353146126781,4608.267522152932,15493.787386298434,1.0
16053.090491961937,14451.594544137439,5673.200846034555,19037.85572583357,1.0
12446.875480686429,19854.60099550339,6721.542044019062,19029.24546457597,0.0
14770.026634371034,13048.780971325714,6066.169462165206,17973.206554907487,1.0
14398.204059497,19966.78333983086,9312.225538462937,19311.128516493998,0.0
14891.474333034379,21847.11821998845,8035.097002317152,17544.54144852448,0.0
12434.656625682182,18329.975396691283,9203.830740874158,18107.13420021008,0.0
13782.301402253644,16471.38603985989,4277.378561579323,16044.602092399457,1.0
13124.894930628097,20385.606654299012,7407.885682640962,17743.371545657545,0.0
15942.369845383488,17308.3314018859,4816.656771687822,17179.928595338286,1.0
14102.408532294381,14388.804557275887,5366.12199135414,18304.5190533592,1.0
13870.08480423301,15960.48222088959,5557.388622182454,17376.562697632147,1.0
11960.388334348248,16973.346631095294,5555.667050412752,15205.959472737613,1.0
11690.963342791683,19983.41852266447,8720.402138000183,16627.454171185258,0.0
13002.63635760623,19685.57688798548,7815.432475737942,15888.15899197394,0.0
13366.375274025357,22340.100870770068,7223.2267596306765,17047.824099553276,0.0
14566.991918671274,14429.268024576071,4689.841024194323,19105.778667856925,1.0
14895.005906639703,15122.00180653745,4543.538308850983,16565.811858492827,1.0
15451.165723543223,15082.957796902612,5664.888894573904,16315.379512586793,1.0
15170.453104876497,13128.72519569957,5271.854075477731,16006.546274078708,1.0
12866.408348896328,20858.18303385116,8533.545288280273,17134.378880684737,0.0
16014.346967845602,15524.656075324725,5030.659164193806,17698.716727288,1.0
14387.570902471083,17954.62431973414,9198.216399843788,18680.43831666245,0.0
13747.76055450121,21236.984287733932,9408.428496773051,18315.172862152383,0.0
15105.097757161868,14494.749526327802,6871.776805607786,15803.249350586078,1.0
14709.898359703679,16002.433684514885,5020.938878474359,16510.6941959083,1.0
15976.993519316213,14732.578325144297,5121.920361414974,17056.640351756178,1.0
15869.025893564187,12375.416492119366,4474.699662682767,17552.527139925143,1.0
14083.912474717627,15887.2082560666,4293.879616370599,17162.939571528445,1.0
13522.569918524754,20241.728066987387,8498.439930760891,17670.587641743045,0.0
11694.536523742554,21621.51812726892,7863.854030812532,19074.896724372342,0.0
16455.38010637583,13849.01345941237,3647.082420729483,18032.868099189036,1.0
13036.56239711422,21080.083349885386,8926.677520096644,18200.424370274104,0.0
14096.644518141982,18290.22088892414,7937.221911703327,17901.460590845818,0.0
15166.98593311419,14451.501346871099,5501.604833211666,16028.532145616735,1.0
13233.17249612085,22641.095087437974,8767.73881513471,17865.89425289158,0.0
13630.86937309073,18841.44874192447,7944.083583593278,16805.52427224688,0.0
14278.786094334566,20929.16478049369,8208.313682660319,18904.922060426266,0.0
14067.995667941397,15252.420075717428,4645.660692945424,17618.880399928446,1.0
13182.986847596314,21559.293727401953,7660.819553999681,17543.894887820094,0.0
15629.683912471619,14266.033158724264,5427.13197253211,17870.82780579013,1.0
13750.692521624582,19484.164650811792,9578.40993355638,15253.47395853965,0.0
13334.380648099923,20671.10245892965,8607.45613206498,18411.093826781766,0.0
14491.330305033303,14792.54417502103,6832.026401892763,16047.116137750561,1.0
12101.938893124618,19925.91633089328,7517.624352753898,18456.767722988567,0.0
17955.384682036893,15361.0540755771,4013.778681292646,15965.134090351265,1.0
13902.727637595619,17340.26460227499,5777.805701104692,15684.130394698132,1.0
12374.73430792503,18755.914168088777,8835.11759268369,17511.1603726925,0.0
14496.358462903401,15436.990223947063,4192.686227769257,16532.38374337724,1.0
12601.4366109079,17170.117166878972,8017.152353367984,16958.94668920861,0.0
12933.689995791337,21292.56196033304,8641.549274331479,18253.577868679866,0.0
13442.430952406105,19690.909586889633,7888.054945003536,17612.304883727404,0.0
14723.219005507604,14937.325580899098,4259.638709825624,16625.313092404733,1.0
13335.686756480369,21355.855077847435,8554.123638820933,18308.8089547845,0.0
15289.590302484845,14538.359381762144,4209.183428328011,16223.76742844903,1.0
16154.44691905258,17698.38376546475,3952.5620032222605,15437.995727284131,1.0
15956.963834290556,15785.366269432148,6274.345243646829,17302.75699583726,1.0
15064.095470817514,13636.832201138555,4426.441593515963,16831.694032288477,1.0
14444.030274972145,14316.90010082222,3199.1936672013444,18589.932223633725,1.0
14826.536814155797,14884.295978439832,4612.093777441031,17340.573593674013,1.0
15614.042608709051,13159.956341382445,3553.9442314920225,18974.897427855336,1.0
15032.446590844673,20165.235572591362,7821.659629898967,17224.556541627077,0.0
15174.844204980242,14323.124269651405,6280.211624626638,17601.23975235114,1.0
13040.880988057192,20013.90556318819,7822.3499792924695,17790.58090022264,0.0
16434.44901300221,16468.603705595677,5960.378598839292,15482.280596998573,1.0
15052.636123639957,13611.543608163454,5465.455969030793,15969.851055244966,1.0
16548.42226164294,14875.035833191258,4801.969419293719,17192.53776405529,1.0
15137.559294948112,14569.309519046888,6107.37613193005,17932.104131519714,1.0
14744.78880238711,17637.243023417832,5693.68992019022,17535.120138123977,1.0
11402.299615337308,21216.602207526295,6768.930882245401,17316.357963535076,0.0
14082.326627794335,20633.041374859848,9135.021501010939,17798.759206357336,0.0
13615.167506872804,21193.28513226942,8184.085917571627,17395.76462570389,0.0
11973.149982407667,14961.133857996561,4738.453389215651,15053.585114897183,1.0
14420.71203336065,19959.76446166553,8532.763966418708,18046.43556776224,0.0
12016.825437736003,21535.746502368358,9160.098347679781,16479.62368520087,0.0
15769.351787156864,15140.098871949347,5652.972400662516,19225.418305652835,1.0
16061.935631059732,14772.271109080835,6601.169769889845,17361.235824708834,1.0
14789.90063173918,14666.70685885471,4585.948777348037,18012.72554197022,1.0
11914.28460798161,17140.824114699873,8766.821943604344,18612.931284230785,0.0
12239.760543259654,18885.62956034763,7515.973166654935,16167.202869805518,0.0
15863.43841272715,16648.40229920443,4066.769818382899,17573.621552178083,1.0
12803.51315095912,17167.82564650327,8322.907863180011,16901.419927870687,0.0
15840.170717855099,16276.534649870877,5468.843085196457,16935.056681215578,1.0
12965.604134527379,15332.066600911076,4911.565228989903,16502.879526547906,1.0
12280.189206866286,19927.51997710357,7280.620356716235,19092.913830122685,0.0
11735.723588504949,19634.449480940024,8048.254835381439,19009.93346299303,0.0
15025.469452276377,13374.93095685465,4272.803130264202,16332.575236638222,1.0
14840.630462694417,17922.345687102374,7110.007494183645,16801.095635712063,1.0
16148.227757008302,15568.998063270197,4951.713405571628,16023.454009417126,1.0
12298.665404248331,23084.493373484,6699.32544456796,19823.320157291615,0.0
16586.790671716994,13359.495433595022,5130.880867163338,15932.889169823457,1.0
12327.427612919384,15713.880379858934,5344.586826471377,16296.18083827074,1.0
17083.273817827332,11926.593070948755,4258.463810714806,17135.082394107296,1.0
12045.942704086634,20699.06265797485,9025.141270808053,17332.768472156284,0.0
12339.681640864117,20545.45089896318,6368.770184674962,19353.65095347279,0.0
14953.949535722655,16755.963493349747,5460.758487391769,16878.37990359575,1.0
15309.826377933272,14691.086119179603,4516.84638188533,17736.521824804793,1.0
15359.488978116782,15081.553876240858,5451.601590330571,15792.83617129521,1.0
13173.879156576455,19586.140095701852,6996.805608379178,16762.13595630622,0.0
11806.270440932398,18625.99782836371,7144.660464891427,17340.44569651394,0.0
15633.037607973234,14887.25869067636,5125.649987164269,15313.609125573248,1.0
14583.257366761276,16455.152020470003,5064.040414118669,16320.120670633649,1.0
15128.28375992186,15804.253886986819,4073.938210569355,18392.322125724633,1.0
12631.452901432904,20884.762963863817,8771.929082164688,19475.434861361857,0.0
13253.651696725248,19876.122188873465,8809.252170659762,16890.58075495203,0.0
12613.948095084672,20141.03019836474,6591.317943874889,17282.220796721434,0.0
15462.400535455194,16057.29333346232,4318.505108290452,17572.775007813852,1.0
12359.749940387428,18275.65693433741,8528.174141735368,19070.012903610004,0.0
13414.927657466867,20481.735583473976,9100.363926071774,18166.64562458551,0.0
14635.411947230057,20806.36964890272,8507.265860374144,16806.78211022617,0.0
14436.749231380878,12414.556136925514,4755.075093494185,17411.50625785021,1.0
11485.32403268389,20108.318637485667,6441.227428349237,17611.07001132149,0.0
12904.375919529593,21121.913048404167,7750.176007375061,18597.481479446782,0.0
14678.124366861026,13947.873472366893,5798.347902663875,17107.887986483085,1.0
14104.079610857445,18683.5852300596,8748.130350095578,16726.667582433325,0.0
12789.640880073013,16754.435192274505,7746.999249242224,18287.731352253108,0.0
15487.615420519616,14054.777776114035,4604.690109502238,17361.40965021334,1.0
12236.011258710814,20260.10119533981,6590.450174421662,18706.440792037723,0.0
12439.053903329625,18677.789537877856,9596.715102586959,18506.513756617427,0.0
13617.687720516114,20450.31907388022,7988.312909075634,17885.52978192062,0.0
14185.251348696576,14120.26015409892,3708.2448795419164,16122.234892884317,1.0
12393.166825280896,19075.69390240944,6954.160111335725,17228.58162608324,0.0
12073.594095773515,19387.466724076414,7170.834173452533,16875.80045083964,0.0
16159.919874866186,13234.836802317757,5636.35248125269,16932.967414492756,1.0
13225.256725602558,22073.22775977789,7985.438420564325,19278.0590177929,0.0
16080.62730519915,16355.782443656757,5960.648663029802,18666.819716151902,1.0
15196.99491669268,16189.423437294403,6281.647833599921,16066.2302099701,1.0
14502.954313673743,16837.054658483958,4645.774752018586,16939.714519030378,1.0
16704.63718296345,16392.116468756893,6874.250956768296,17219.117998482772,1.0
12008.582903443197,21078.058907805687,7393.374153866968,18661.01411451071,0.0
14735.514792483722,13187.84067158025,4558.769269764935,18811.697807342836,1.0
15505.329881465928,16946.735128198932,5668.888461345588,18618.13272838756,1.0
11435.419762321708,20483.617620112927,8921.773678559966,19062.58290064859,0.0
14848.174918461915,15825.89947963878,5165.968783687666,16552.65978858891,1.0
14203.33596373941,18647.165604320748,7410.173174386488,18624.39103268307,0.0
12227.359105842897,22289.189867356698,7157.2183245493425,17784.1668612138,0.0
13175.448797117928,19115.556185125748,6768.9840329075805,17814.69840698476,0.0
11589.268169951456,20341.29712021194,8612.601017503157,17460.62919189241,0.0
15688.61255522033,15391.079255771108,3793.642413875916,16979.757417960962,1.0
14676.84432887586,14881.875731603071,5084.635668696925,16433.49021535719,1.0
14718.577483030755,13344.380073490312,4664.877724735445,16963.87206277842,1.0
13599.369191335838,18620.05566137814,6591.0217346709815,17016.357335279958,0.0
14287.565607275184,19500.621258736304,8137.259063227514,18083.470322292666,0.0
12619.519044996248,20851.29248905743,7726.953029346311,18666.64361059543,0.0
14524.263181493325,13247.79770841832,5543.353001821791,16128.526683924743,1.0
13384.199215407907,21841.387931254078,8481.061136684719,17301.904462200422,0.0
13003.811867640688,19768.832457721135,8679.158944426677,15957.252307185108,0.0
15420.966616788372,14278.442681117083,3486.051287708534,18087.45493751836,1.0
12772.772120236177,20132.384376288217,7165.586161553495,17977.210407319468,0.0
14469.314340574556,15682.098335654158,5584.200084383161,18053.18877386665,1.0
14291.175057814173,15429.696300416534,4383.375202589489,17173.04357643377,1.0
14067.30726236063,21332.015584865523,8432.590976016938,19278.96306364052,0.0
14167.83319428774,14988.444496248145,3211.166528284356,19113.85812048153,1.0
13670.325200123916,17844.821445963284,6158.3701917363205,18155.99219669122,0.0
13433.370819625281,15104.48499378074,5747.958602471568,17007.96945795883,1.0
14737.382131218495,14454.840605986983,6038.927090689245,17291.314577389592,1.0
12860.50328904501,19547.75024255282,8176.343016971168,17121.736022242712,0.0
12991.525479233133,20666.431235310967,9076.189160224625,16506.26755052156,0.0
13322.395088685176,21803.71670156408,8340.855702490406,17271.787710460805,0.0
16670.688330648023,15342.707850241995,4833.701461244903,16518.147345077603,1.0
13248.508826752912,20645.189788999567,8158.047265962826,19816.704950972664,0.0
14717.054985962095,21600.529969910822,8141.039781981188,18797.94751508649,0.0
17348.92209459781,14191.197637168607,4924.0196152978215,18119.320695873284,1.0
13939.292624160196,19863.712291988577,8407.012500098741,17575.00462212552,0.0
13207.711265461689,17823.98917119344,6917.85792857884,19112.029313406063,0.0
14803.572561154771,15155.315604147696,5573.251035925094,19265.30087726316,1.0
12695.019290924049,19838.675508533306,7928.962557789202,17662.13958155946,0.0
12294.841564057713,20444.070545914008,9882.25669165202,18329.745396848433,0.0
14850.232241048003,17406.83486479848,4999.12469227012,16808.125676548014,1.0
13715.691359771132,18020.210069839384,7864.093007599577,16832.821583330337,0.0
13235.266283410805,20973.777437700686,9330.462842012908,19197.91313322854,0.0
13702.740671331992,18485.995404747122,8118.411934832322,17833.314938645202,0.0
13272.151124732316,21044.82926846767,9270.317674666314,18846.204244953988,0.0
14315.620004480017,18912.126113415485,7333.357534118999,16631.29672484753,0.0
14647.976812727627,14619.337715698906,5643.249305850569,15290.077716806742,1.0
12264.431396741438,18900.94049754679,9033.369210648694,17832.661716473696,0.0
13840.85662802646,19234.348652343695,6388.815010396838,17292.186423678937,0.0
14101.511033419702,20073.30164908831,8288.324609260682,17484.871708321465,0.0
13955.433303908136,16486.33223573339,5175.441810707078,18102.975052649334,1.0
14461.928958096458,20027.53552886506,7618.804428022624,19339.592444398826,0.0
15049.066316800658,15637.640422499873,4832.448554836629,18052.67114582355,1.0
13073.779636721287,18459.758837068704,7950.91700549255,17861.12266668026,0.0
14753.701703861963,15576.464847524034,5822.843218947606,15628.888396394796,1.0
13546.621845742251,15899.849447435105,4932.991055205879,16483.16091964737,1.0
12790.42053603343,18292.55705824577,8033.90915116967,18564.079886256695,0.0
12657.829520442714,19801.01929640888,8324.26252937351,18737.851188707285,0.0
15509.87944149124,13214.884510773416,3890.019069313632,17903.521092213094,1.0
13238.478384325143,19670.323332600085,7230.033159707266,16160.207551012832,0.0
15477.13155285382,15670.476739975866,6140.558481709828,17523.218658907346,1.0
12782.190733921601,20135.381163748505,8417.66367737661,17252.294131448674,0.0
13428.556645295937,18110.642793870604,9194.973618027037,18208.791427276876,0.0
14486.73885914981,15311.739217552264,6583.860523047602,17977.17785446965,1.0
14464.126612010876,14221.554178249376,5304.6357771146095,17282.129744196656,1.0
15818.045121682268,16543.513999256553,4719.3073504322,16533.033484364943,1.0
14265.672709473238,17101.38196371878,4589.7385339607345,16008.19683908455,1.0
11611.7124623949,17055.795570360497,6627.269126696822,18081.768721784163,0.0
14515.856875984828,15369.950541910457,4792.033733673667,15451.53249420316,1.0
12669.841757305663,21135.02513308976,6841.762117032977,17977.691862844586,0.0
14294.293611243966,15825.959136746906,3631.128783246252,15808.518481590898,1.0
14851.693444012002,16673.297276081095,3956.3010344841305,16540.134619336608,1.0
15269.03361575291,20164.2723670852,7863.994673469076,19578.885084852074,0.0
13291.615077443013,15892.778225033626,6821.139992810616,17923.37248221395,1.0
12928.864838218356,20062.249342093866,7560.731056133442,20130.942831680295,0.0
15510.334674167661,15730.214228568115,5794.770777705155,15381.533567997016,1.0
16663.865428489207,15294.684186348952,4842.484470569113,17143.366999416725,1.0
13652.18221135504,19772.59038531066,8693.945711033004,16989.392643926945,0.0
12582.424641606596,20969.767710163615,8396.123843062214,19147.789633325003,0.0
13346.228899194244,18636.371187641038,7884.335138205522,15857.428616356578,0.0
14843.453972572099,13407.012237734527,5306.757414104126,17706.84537798278,1.0
14070.39384582456,20187.413238021705,8141.976328832118,17571.245308435377,0.0
14769.298704678124,15221.427689468743,5410.108836865473,17809.4204968935,1.0
15391.55794577509,15345.56627923669,4850.017963905124,16458.90972834559,1.0
15022.535419161359,16299.846110288692,5309.294472949812,15654.849682153073,1.0
12561.766494747617,19235.303829402004,7490.700003087875,17653.272510826126,0.0
11485.457106534292,18347.062570740167,8764.361180254005,18552.197456070404,0.0
13870.740862419229,19725.631270293554,8602.48094371398,17394.78129990406,0.0
12755.002815541204,18947.931085664222,6990.048094294281,19110.05447201887,0.0
11317.934834778016,20012.680334133747,7833.914141953758,17269.097745970175,0.0
13166.251226454151,18373.463286121612,7943.332579378485,19160.333797652773,0.0
12283.902315163072,19751.78739365286,8049.056413971438,18492.3089371815,0.0
13042.345047360393,20889.109206039822,7183.44166585708,18288.39299452124,0.0
16355.84177868525,12889.647441368106,5924.071864514734,17200.852418945535,1.0
16776.567805732546,16011.133071501805,5465.4929480027795,14022.650648540937,1.0
12579.112970907703,18842.646732530553,7809.184913549341,18486.516133652047,0.0
14770.690338286879,14380.984551299938,4254.326146454772,16811.34734388752,1.0
14706.033562918214,13896.164371716503,4583.770563161521,16590.257275388227,1.0
13936.115366774591,13663.843570058558,5815.7559150723855,16149.148941331785,1.0
13382.989853597139,20833.63304833695,8266.18716088328,16141.825544304695,0.0
14855.831987215837,16143.943816183968,5079.980088712595,17519.153098661263,1.0
15838.461604690237,13501.627262970642,5118.852230256878,16794.827201295302,1.0
12426.032514368617,19467.30940752835,8274.236924040513,17389.457772768314,0.0
17200.155119196967,15069.799578288872,5345.407658300241,14508.364482035235,1.0
15231.371334960862,16967.695279280677,5336.362577901749,17786.124181106206,1.0
15595.360004003223,13545.471226792171,4243.965458038227,16141.872657399175,1.0
15670.396715775198,14807.67963367566,4254.408193911828,15548.277636287668,1.0
14156.198287986475,15218.108832099744,6019.9420659957295,17865.161334720837,1.0
15000.389354381025,18602.88750723431,7251.672285052655,19985.139172418258,0.0
15724.898543225177,14921.657458769028,5809.394921501931,18717.18211247578,1.0
15835.303620967406,13307.929708014766,4957.753724108115,16993.629663102198,1.0
13239.52977383776,14482.010438240504,5480.182968683267,17542.48580670189,1.0
14966.785882880482,13387.440432233103,4263.612026912462,16981.915137593,1.0
15535.139764610623,16073.341304058484,5963.48432813854,16109.6101038979,1.0
14633.18173439933,14537.049836224993,4612.733563593856,17813.645248916444,1.0
13811.075432421805,14692.165834400736,3036.7209135929625,17457.695389765322,1.0
13413.019849915188,21889.281075560673,9216.770146336668,18651.534003393517,0.0
17390.261374992588,14933.412383755433,5537.212091848584,16387.627839751127,1.0
14611.39525121126,18118.25692477678,6670.926998687876,18430.974915265895,0.0
14811.08820949921,15697.708040717014,2986.954720447734,16211.341696269941,1.0
16363.083995401852,13809.980664404917,5472.443248358085,16503.452969246515,1.0
12616.689445211503,21286.279872402643,9092.436637459447,18186.413070295544,0.0
16160.918411789797,15226.29965423031,5241.817549824588,18087.368465571155,1.0
13350.38316927713,20147.48016549254,7381.062067909013,18571.5252457826,0.0
15254.980869797511,18968.05721240536,6924.713689010378,18021.04338023858,0.0
12040.420892324086,19249.603116521655,9041.230867797207,16649.933843087165,0.0
15258.676522128675,14122.731881447051,4764.831601922919,19123.991161044956,1.0
12881.912327191372,19113.497626984798,7800.27529767333,18825.248994901678,0.0
13694.174415014308,19891.82840315569,8236.556864372495,18097.13327164051,0.0
13193.545350884087,23034.766941916867,8228.99130434494,18670.37655183096,0.0
12965.565574892087,20602.331607236465,8309.189822051147,18555.64454853329,0.0
14332.922616378777,16542.761806081315,4881.132494284981,15552.508391784893,1.0
12286.138836526507,17684.50564620241,8880.797892433751,16825.91258235551,0.0
13830.745401258833,20907.14659826814,9473.831744372448,18132.14218484495,0.0
13010.878531323757,18886.52386482699,7928.3726332102315,18488.954917211748,0.0
16179.56156389477,14433.193222884978,5173.561604159286,16428.748029201197,1.0
13974.983534990379,17410.336680410208,4609.808267753961,16445.76730254845,1.0
15101.724387927674,13974.873795642337,4724.957653316092,16589.119436985922,1.0
15185.596468457778,15554.66145887543,5280.235717765062,16811.87260277725,1.0
15573.480036956471,14888.556251371376,5374.241358402563,17171.619283816803,1.0
14031.942052232915,19289.429187708974,7771.840991876737,18319.661317975802,0.0
12974.149233206575,18902.57120632622,7452.041298960847,17933.23981802148,0.0
12416.56367287042,20782.12820413807,9119.389209953426,16861.99084305963,0.0
15259.592456897288,14947.651163860692,4246.476183346056,17890.97809197132,1.0
15438.253514284052,13058.980358654717,7067.424135616671,16539.40450907782,1.0
14573.867718101004,19967.551721969907,8770.659882908532,18959.6287844428,0.0
14559.63811795494,14773.141949978095,4426.586833390107,17918.836903498286,1.0
16056.842747888013,14100.346696919683,4828.025784373603,17879.728959823282,1.0
13813.555192373193,16235.255456384379,3652.7405539706565,16578.377497407757,1.0
14602.511983061133,22185.206739604233,5487.247762745125,18719.423767531094,0.0
14294.093735683644,15070.904240826561,4224.150906927483,16233.597524334482,1.0
11766.027685775583,20919.77837595131,7181.210285854906,19508.22285409238,0.0
15649.130771991182,14394.959039022593,5232.732337475721,17284.927541662844,1.0
15872.534285909274,16447.998253573864,3836.4601810069016,17672.729838013925,1.0
15894.370672778474,16498.379682763556,4932.293911046152,16188.533276718254,1.0
13325.664104064006,16287.619945657574,4049.7021132139907,15832.379262196242,1.0
11317.657862376393,24437.61829704012,7458.180748225013,18212.639493419058,0.0
15580.894116254382,14790.377362095916,4366.122635336847,18867.630347122897,1.0
14559.699070122613,16785.30732958667,4429.303394117203,16457.173433397358,1.0
14550.791947535912,17537.675660518304,9211.256972102168,18207.111146161802,0.0
12205.370546085738,18805.343467685525,8166.768741355298,16907.97958546207,0.0
13359.221909861746,19186.13328539616,8482.432606464288,17868.183430060988,0.0
16007.49445898791,15006.87236308514,3742.0942229216894,16702.24383435067,1.0
13151.015387876474,14146.33018740732,5682.697558968679,17059.873238864962,1.0
12914.600200424791,19884.613925564878,8452.727914477913,18089.0327435387,0.0
14472.748068607343,19836.668815763118,9800.588464172351,18158.08471713669,0.0
15518.491033725044,16754.051854116897,3261.7772647155944,18195.503382257368,1.0
14963.473036515881,19062.214965065094,5281.52251163643,17035.284127844672,1.0
13663.791360825275,14861.929203644417,4185.733351390679,18158.332621255537,1.0
13610.592173199997,14557.684743202351,5809.7095844579135,15313.257977774554,1.0
11566.28247206656,19946.548136135596,7973.378113874899,16695.615140261358,0.0
14110.401538855536,13571.998041082192,5079.631997188688,17743.413899054714,1.0
13428.588201109591,19430.899683716085,7160.37960386015,19911.694247667474,0.0
14018.447265051604,13838.019661692259,5462.287524121421,16306.242663141882,1.0
12659.767684211172,19778.18810921766,8039.530877891483,19075.256771402146,0.0
12499.590447448012,18500.22437741244,9439.673816787114,17208.818970433233,0.0
14441.680731223418,19503.462071999737,7056.516545636753,20836.09364035931,0.0
13565.092364502747,21501.514209072906,7888.312151538053,18202.080324495095,0.0
15163.680828750617,16052.117334114053,4936.591232203508,17893.068524027916,1.0
12514.422014583524,20785.816885554224,8375.45951493226,16769.83270056143,0.0
13607.615926046492,20087.262752371356,8294.720615455844,16279.718044445832,0.0
13632.251188081591,19275.079675370227,6897.361592728311,17941.817595650336,0.0
12125.580134130372,18840.979675304465,7549.248817376433,19436.97749255952,0.0
13969.709845040054,18988.173604479856,9104.536279502028,16811.747034734104,0.0
14001.706079755702,14913.683658340817,6962.267752578569,16546.152900516216,1.0
15635.593488035349,16458.421685258112,3551.4371167241416,17157.18720300131,1.0
14109.395527259732,14373.524794204823,5955.164253891721,16808.706857823447,1.0
12213.896222076053,14323.48665109615,5078.077738647505,15508.71959472957,1.0
13733.596047745537,19192.5269521972,8172.09556068609,18951.228080837715,0.0
15161.058896967084,15730.05055954219,4359.289138730517,18846.21771366182,1.0
14582.933647750064,17263.14213198772,3982.2289035028643,17097.376354659275,1.0
14250.444970436543,20910.683602019333,8673.141624895008,18578.728462869603,0.0
13338.000439116573,18806.521808612895,7681.626395325822,17895.088511431673,0.0
12269.115984997192,18969.53470246178,8326.811065606522,18606.658891757626,0.0
15518.976818030866,14796.084142131844,5640.384098998105,17333.53920730409,1.0
13137.700349080584,21888.517761882445,8894.613387690722,17775.60338466216,0.0
12622.678178746948,19538.136279530827,8628.07208911581,19011.505894277576,0.0
16963.250101610938,15820.276721400918,5169.64103419196,16130.314809117986,1.0
13563.989255156903,20795.236101518192,9574.942886720506,17908.587298690145,0.0
14803.43044388222,13483.350923629843,4139.011125273986,17860.320894813598,1.0
13511.132246172681,20394.140508995806,7509.3915177421395,19206.499605005796,0.0
13272.046499070011,20713.283717715964,8359.135938897674,19277.34117199914,0.0
15827.03382972143,16805.428502818482,5538.390468150614,16438.00186205929,1.0
15116.328871552556,13264.088491401748,5476.423668372889,15164.901210786727,1.0
12521.445625465009,19779.439428637073,6415.993272087481,16655.69429558523,0.0
12237.379315771477,18626.848164230112,7598.233853964199,19120.297615059026,0.0
16506.069183993248,15762.112533790627,3713.7860000229875,16132.693066169682,1.0
13631.132188923699,15318.446939236215,5967.109729954644,17715.314881707964,1.0
12591.671972221013,19960.425422618882,7768.716124167057,16817.60096750712,0.0
12733.41716844778,20637.534023931894,8570.063506467797,18576.964834265575,0.0
15069.631792658862,15289.317927876393,4271.111149032566,15643.77682981208,1.0
14737.584105575384,14882.520241600329,6484.0077741381665,19757.278186178202,1.0
13796.855379192197,13134.485025475333,5034.796045951424,18634.484269804223,1.0
10857.292331596062,19811.371429063725,8517.272951884093,18267.026605337076,0.0
12179.341815978623,19980.37280490656,8412.431513125846,17599.581506109556,0.0
15802.18687803078,17931.23582181186,8724.899422898296,17325.871967806284,0.0
15328.101544970048,14627.189425384233,5890.989032406887,16645.690341116275,1.0
13271.590120219838,20939.52438072324,8281.331980081932,17749.3682734921,0.0
12947.610747992334,14328.557531705563,5665.551564804555,17841.935030628632,1.0
12343.584670695238,21575.62891307379,8349.60263083952,17998.853435405505,0.0
14981.432172534134,16545.632522089243,5647.60994901483,16599.854910826387,1.0
13835.177798941768,14871.175213216944,5822.165310475184,17616.259780387445,1.0
14535.867265442286,14222.603150917486,5496.976018097953,16953.350772635793,1.0
13539.510026094622,21845.564240539454,7536.24999553857,18090.00330466779,0.0
13756.775377876844,18156.457152374598,7001.137624656864,19645.8567888808,0.0
14398.825611934231,15217.136966941618,4637.903503202279,17259.108782286065,1.0
15266.23550530061,12788.405506848969,5777.297159422175,17805.113076193076,1.0
12278.21792972102,20884.215849645283,8340.17142664489,17368.38856876606,0.0
12451.027934515907,21565.006673362484,7961.243595120266,16111.925498947841,0.0
13141.676014334658,19466.461253414636,7650.858462899418,16346.543128764606,0.0
15235.177975690209,15333.691769275532,4762.33986340839,17373.489350174248,1.0
12948.706389635856,20607.229842207038,8735.063764070574,17219.632222508106,0.0
16276.622348095738,13603.22935826187,4590.909283672376,16341.78624366974,1.0
16268.2568178189,16555.78600019681,4089.557320499016,17713.97448439629,1.0
16215.685737212707,16864.856262548266,5501.055791623541,16269.849135087004,1.0
13833.179336202953,18779.779350633733,7672.166141622013,20519.872561106604,0.0
11922.631830771794,20132.805485896388,8768.965256958078,19544.94017491845,0.0
13590.664460737597,13781.116341078963,4195.257822184866,16681.879883062596,1.0
13196.226308753934,20048.14724941595,6572.819489743936,16089.01277460022,0.0
15259.651805849566,14833.097381786736,6013.553646977717,16839.236503513614,1.0
14014.115639630756,19965.709027044075,8198.919285337985,18656.263078904118,0.0
12359.55614347784,18872.280977806648,7988.412090128214,17184.722448026612,0.0
14523.151310162812,19404.94756506008,7656.47348207735,18242.422482902675,0.0
12970.342528172481,19781.224709375503,8197.249580751994,16727.273547881545,0.0
14335.133452335676,19994.24893313222,5289.077467106512,18204.832736806176,0.0
12720.30479967141,20434.36019041732,8913.44579327829,17632.522155139945,0.0
14309.031179843532,16184.069602482514,4856.100095945303,14950.959236308863,1.0
13462.135870148912,19505.96824665949,6167.653018942631,17262.15169053513,0.0
12901.927438268684,17334.480144098536,8188.191923620571,17007.264539589774,0.0
11456.97808922336,21083.174111478926,7537.08358560071,17130.258695532564,0.0
15623.181550086105,15068.426066690208,5430.811634355424,18258.309092267224,1.0
14178.524012556976,14476.109815528185,5029.770553542489,16326.174417264823,1.0
13386.878757508337,18829.888579927723,8798.91329472753,17777.779210391804,0.0
13354.103088000204,20623.5961541979,8228.232415363022,16722.828340042637,0.0
12699.358347097073,20256.582669911193,8762.763120875325,18128.870707127848,0.0
16739.021253321745,19954.463955880776,7852.948000904782,19080.50028816693,0.0
13843.905616827262,19123.690331252354,8781.41424462673,18116.105649110836,0.0
13264.960261909599,18572.69130622153,9490.06206997906,17090.662943501433,0.0
12824.10510505231,19588.320188818485,8212.499305565549,19080.55070991676,0.0
14040.495477685607,14575.711147753862,4509.323155335745,16355.046394454635,1.0
15604.335648993223,16145.7980500902,4096.400047167779,18573.65942182451,1.0
11301.90268963775,22374.57386780613,7926.482184940637,17134.708645285908,0.0
14795.551480212054,14753.694231748983,3898.398414286551,17717.679074934553,1.0
14413.527125266955,13147.22998912311,4828.733913209006,16500.611139430304,1.0
14426.595623159918,14225.91203847424,5705.196812627298,16404.79038114254,1.0
13674.589442619837,20397.43106651041,8108.790622961311,18311.735464302612,0.0
15426.090301610937,15477.689429718776,5607.2965290462,15787.895630292725,1.0
14399.183212634145,15328.497130361076,3249.887935823962,16691.207381045515,1.0
15689.498455407038,13917.201671293802,4208.80651108738,18073.592868075717,1.0
14024.48344311559,19980.606684856175,7137.516793848733,17583.211602835516,0.0
12417.019442878913,18909.147526986213,7423.927308502349,17527.135874238764,0.0
14604.581099628318,20725.58056198945,8463.932656148581,17484.90561785572,0.0
16885.302410979162,14367.001391833259,5002.049686735285,18238.443348822853,1.0
13715.795866554392,20354.221817121786,6863.655139524316,15686.499673177452,0.0
12679.936717511491,22147.892764465912,8875.225177131782,18529.44327067704,0.0
12934.826647268443,20502.72616568968,8177.904430099362,16113.573021565111,0.0
15088.16295790903,13527.00932436275,5397.701134757035,17580.080362675548,1.0
13985.058837409357,14290.684986043996,4823.509570373057,18979.441668880052,1.0
13271.953128653253,19244.970918275285,7671.643242508822,18371.451257813664,0.0
12188.8181902481,20963.708925392053,6981.331627592748,19407.271010610737,0.0
13461.33423375571,14781.970254273403,4633.949962949149,17253.890771633647,1.0
15791.944569053863,16288.442857055164,4609.692220864334,16205.71708065559,1.0
12398.368410859886,21167.46746547176,6730.062986113942,19762.38101480918,0.0
13900.602082652942,18706.812385308862,8940.356938372126,17876.552746342946,0.0
14606.83089872337,20678.47378582829,7347.684636521234,17754.40506155881,0.0
13560.816779136141,19280.19421678946,8518.470237867958,17302.723172971582,0.0
12104.000279019412,16708.370204173967,9302.770401299003,16507.024948800427,0.0
12439.002600974507,18030.245577213274,7217.520984789023,18973.2954335855,0.0
15406.67490443527,14733.115705809263,5929.326328319508,17545.15578149172,1.0
14466.293630899681,13965.342598341573,5529.39161707907,16714.91225433145,1.0
13830.46847962026,14913.71763900213,4333.295729063688,17284.838204591306,1.0
15717.908585427034,14776.42109110873,5953.792174663892,16131.960297420294,1.0
12695.627842643129,19519.310350824002,7316.771855756058,18778.249127720446,0.0
14365.429047351641,22096.122272644436,6994.076805339593,17966.4766497954,0.0
12433.815050466717,20628.28895987789,7921.455485464689,18587.806455726764,0.0
11978.05815106181,20407.953538144855,9420.838611143403,16555.296947136605,0.0
14012.85260650999,21500.702975083,8120.144037712853,19027.658022309402,0.0
15445.760308761886,15603.870151760588,4421.33048690813,15360.719821912828,1.0
13227.381893024993,13879.487475459098,4151.983176915684,16209.843704560339,1.0
15473.040066606527,15145.757910438058,6126.61683752081,16268.038730207527,1.0
16765.54267173322,15524.112981008619,4849.614046658359,16624.946588389084,1.0
12742.444018990642,20174.124597261965,8347.943042591143,17611.145255855048,0.0
13192.873432630757,20286.678418134266,8467.924843090212,18734.9029006279,0.0
13358.647665031935,18895.480769113805,7769.860177990603,15616.585659095243,0.0
14444.004164437823,15231.886101271648,4993.687854573162,17881.062144922995,1.0
15857.567508143717,13141.566282922866,5275.390705151825,16834.681262445978,1.0
17281.36338244594,15604.40195799824,5517.155999334364,17105.457815541435,1.0
15138.087197556968,19478.27277051105,6652.149193023795,15880.42950988478,0.0
13176.712189529917,21175.542728291737,6863.46400529637,17495.214689495933,0.0
11189.863757526915,20788.286419347558,8916.107595080046,18167.65239413639,0.0
15110.786362107263,14735.25612509933,6172.692174893045,17330.528264700297,1.0
14451.968437351457,14840.80921283338,6363.256002315352,16829.01833790975,1.0
14368.309724510109,15620.440606352673,6036.645887692564,16722.079737885724,1.0
11359.608916799445,20262.690869744405,8122.206166118581,19560.72070704269,0.0
12265.34358136254,20064.988343719124,9158.932142889505,19044.91362673913,0.0
12754.11102826427,20066.22669782275,7996.260464504297,18303.64476242096,0.0
11764.087658981034,20321.521908869192,8781.592185961732,18670.310160247936,0.0
16135.80735282432,14947.138849213527,4428.324507210757,18366.150302173264,1.0
13645.648559247555,20496.357052987452,8881.737007069629,19140.236398698627,0.0
14208.416390379269,15361.512886945704,4337.76854569184,17349.89400537853,1.0
13723.68574062454,15116.818423656916,3980.203446510357,15067.654197453421,1.0
13203.061328676882,18283.409533116905,8267.786578882338,17821.364380831914,0.0
14707.950198083208,15859.913610033504,5608.925182020448,16573.775562919647,1.0
14768.991805882231,20950.531695837333,7572.250814257155,16230.185868810451,0.0
12751.521268640863,19694.26140790769,7926.001938362795,18914.72049267809,0.0
15656.120284695227,15181.208367923344,4771.6789631800775,17384.163666223263,1.0
14339.854987717441,15933.319537938147,5405.034666799043,16503.483582292913,1.0
13027.231218256522,18482.711178239293,7608.860390033752,19471.029349056924,0.0
15950.109652812274,12606.287268365877,3675.176887496381,16026.979000232765,1.0
15369.204077196973,14089.788553012859,2808.6673697001106,18460.329707601693,1.0
15771.197919977032,16135.063249289617,5494.655507082783,18481.053198686717,1.0
12462.951984406136,19225.204417940953,7216.925741561225,17652.36587496277,0.0
10829.131257440862,21239.744263913002,8981.847454458439,19657.009176363594,0.0
14172.85635620045,17985.168300075355,5977.5617064100625,17604.099218462816,0.0
16320.401573871202,15442.80667381843,4669.58921416242,16707.46090514909,1.0
14747.807883177386,13550.1883262253,5289.7327639357445,17686.757026249627,1.0
13491.978361837137,18880.412812148206,7443.0181942887275,17961.05308855754,0.0
16956.605158405822,13462.291622592355,3734.687000122215,16668.58383435369,1.0
13034.725053709084,19102.834052381855,7968.040380196349,18261.679495585457,0.0
11877.332440631959,19778.4561857427,7470.269848145414,18707.533644741216,0.0
13509.49626183816,14829.843645674557,4817.520055598789,16758.77619923136,1.0
12341.452134914758,20964.320924619627,7487.736787591665,17443.250066192246,0.0
12668.512466620401,19327.041737892232,8060.715614234613,18993.16488159945,0.0
13184.403579847238,21199.22553411702,8428.84976285064,19178.89820718569,0.0
16930.928646515837,15736.22371050761,4408.10763711617,17035.085139073286,1.0
12308.444730524097,20728.58557541608,8500.326883479045,18155.588720774955,0.0
13148.48212626303,18961.519687961114,6502.824190107907,18530.90219903833,0.0
12911.612664778622,21697.43076512163,6591.237676145193,19271.71595154209,0.0
14510.145790867246,19473.419558523557,9116.508903437845,17519.00733371076,0.0
16241.822098371724,16930.719996486536,5504.8965720217075,17063.849221918423,1.0
15624.495615928045,16624.268530903562,4301.010856924334,16157.418114177406,1.0
12459.792259467793,18751.57231358548,8454.00382962323,18656.221103260683,0.0
13071.87103247454,21490.681987994743,8156.2620379423315,17363.46401999803,0.0
12917.332108026352,20672.078806134094,8257.933112208744,16526.206466199943,0.0
13586.198050491119,23453.025890494795,7336.206822464795,17224.088358843102,0.0
12682.358009845388,18685.87558392259,8780.577515697225,17486.41812081287,0.0
12524.245314818783,20635.633688314232,7540.90287189973,18711.530775467356,0.0
13509.988021069474,14126.826346354546,3530.141520552178,18878.9549335927,1.0
13803.625129618511,20007.766953130722,6774.3046641560395,16766.719615433794,0.0
15203.851599678654,15608.14948047847,4864.437008770578,16504.63218655145,1.0
15822.637918680914,13164.609254659517,5486.40128817746,17079.097356078608,1.0
14880.306831961434,20829.612700918435,8869.60676415512,18865.32960861502,0.0
16226.39419242179,14627.224889042725,5710.619532296281,17765.92840487644,1.0
14312.525697288404,16304.638443876178,4201.954591308257,16502.060517001875,1.0
14167.267665712407,17711.928846642313,3423.5947031600463,16906.01503869358,1.0
14723.795112724953,14789.701372604017,6164.632848972816,16484.511894135685,1.0
14328.047494794197,15519.254023557187,4286.494041464088,16278.406868341432,1.0
13426.200188687017,15961.065203559663,5899.20708803661,17062.774247587757,1.0
14889.985648446112,15408.344170276614,3616.1441370917028,17401.39780913044,1.0
13884.600293669593,18064.41334142623,8395.909940096066,19223.62708335398,0.0
14093.06045472535,14144.23213587091,5036.928104790534,16186.434278311852,1.0
13694.033680645258,21196.82262372924,9331.928330579918,17699.02031895095,0.0
13128.217341315074,20296.465032898523,8125.895861149853,17194.124520455876,0.0
16001.315916665737,16316.285890984895,6626.7432465978645,15588.444991971295,1.0
11400.99972421498,18987.939754106294,7529.80769456299,17602.73862688795,0.0
15247.684812760317,15494.868576345632,5124.634902469996,17032.21155755966,1.0
15283.812544586177,15786.313700183784,4394.383170058416,17206.80326001895,1.0
16209.365206287892,14330.791666465839,4216.014115354997,16340.94471562574,1.0
13545.34960296686,15425.480362196831,4994.751065186666,16529.9932788857,1.0
15310.724393593662,12497.445856725102,4423.648122268231,16486.898587086984,1.0
13229.613660135763,22309.71217995977,6670.387381167804,16959.122548732666,0.0
13282.046087028632,15099.298938797807,6179.9415833674275,18192.683629798372,1.0
16276.911037971733,14736.22948316346,3695.2886156847044,17693.26590138262,1.0
15066.3959378134,16064.730882769929,4302.7894810076705,17590.523931611675,1.0
12868.333701209758,19229.13720690996,5541.536094668869,16605.74307486962,0.0
15510.4078352375,13507.70610071107,4677.585535484242,17867.208660424913,1.0
16092.041696517148,15046.066655168332,5366.727389858076,17036.47543791351,1.0
11647.872404422684,20183.561474534537,8457.87579439419,19733.364771214197,0.0
17517.658533464324,15732.600772704458,4859.50836682689,17925.409092125417,1.0
11487.403821838816,20154.473782543235,8044.843684978226,18670.630390386752,0.0
11803.306207389687,19238.848118188707,8179.292884776991,17519.42262675046,0.0
13298.432956787525,22034.79681474944,7267.124412681037,15880.987379186503,0.0
16540.355526572217,15544.764440293904,5332.4288342008385,17222.173462529456,1.0
15771.720731927866,16009.137724558024,6066.480493038411,16188.342692734852,1.0
13069.147496590753,19233.38511921567,7497.669052833669,18481.605581286676,0.0
14354.273179532289,17069.863122871884,7684.272379945226,17932.76520518659,0.0
15680.85848766815,14511.171755183856,5742.166268457627,17039.805207789545,1.0
13381.402528210814,22926.83478826577,8347.897476572127,19584.81643613388,0.0
16032.830145639411,17019.812493268448,3825.8325947273815,18046.739675953486,1.0
14034.238800220666,19510.24297849642,9316.654936273988,19282.475887410128,0.0
14018.977173586805,15923.899068037896,5898.143258708128,15813.572689358274,1.0
15150.682306189432,20628.886556417336,8913.931142261512,18946.840074796157,0.0
14549.597098365879,15725.339591903756,4522.564882303496,18308.37083978665,1.0
11739.623185303359,20599.647584390776,8169.832295956508,18049.063504214275,0.0
13279.798702146818,17140.25704374004,6824.00368850304,18146.263753854444,0.0
14029.034814409704,20204.734207382302,7968.406711781472,18950.67878832744,0.0
11477.430667846074,20699.38396420344,7498.331181311537,18779.09186086084,0.0
14005.859074976159,19017.924660493733,8248.599079040463,18479.20004454026,0.0
13503.295056427813,19416.916634367724,6745.6658485874505,17970.606905690067,0.0
13131.989287496484,18200.810587934644,8074.678214291041,16692.696958364988,0.0
14530.63887102595,13663.1672365544,4819.02728346042,15244.171623732045,1.0
12016.778227834053,20323.704443761115,7205.646932690926,17442.852112082437,0.0
15253.783031660681,14428.915096982828,3543.0037089414664,19426.36517441798,1.0
12183.015409377078,20997.701066620535,7596.172153932943,17883.462653349758,0.0
14701.022863529408,15982.104145608337,5047.741317533118,17084.961916730223,1.0
15460.995796878648,16116.656557248856,6525.892983402876,16082.663459173933,1.0
15170.256933934219,15642.004915467873,4608.747434308051,16964.41369746756,1.0
13065.38519525333,16377.0978516272,3535.86636096257,18277.7143226233,1.0
14105.071868895102,21464.534862950168,7393.005666775247,17920.07111216207,0.0
14980.18365201341,20041.821707523104,8445.164454988608,18789.134870929316,0.0
14316.079591185722,13739.295554364131,5370.059189785476,18000.441443298554,1.0
11571.51794012987,20704.602891264436,7518.890307015454,19991.72371891412,0.0
14154.490947301578,21861.539781963154,8003.863704804705,18334.672173022896,0.0
15058.877393568666,15414.476570705905,4245.569137107764,16665.936136304623,1.0
16743.853615489483,16285.34245063802,4647.172552823983,15961.327136353964,1.0
13358.121573830122,18517.349499857075,7835.950214195051,17747.70922308005,0.0
14512.530879037735,15007.646253751846,6067.574781138486,16563.5930563296,1.0
12276.924102783114,20958.39735395721,8227.28324349821,17358.685652968634,0.0
16231.6100851743,13398.855704874535,4251.942148515493,17787.524609616,1.0
11414.133754376566,21856.121937256692,7446.24921677022,16665.775935077258,0.0
16360.291368786704,14228.311821966181,5535.983031577998,17574.662086162847,1.0
15022.367796613207,14580.062609594266,5851.4452713386,19638.427646914522,1.0
14536.939028496696,14673.200628228302,4494.328337725883,16211.358038471573,1.0
14752.036386094387,15864.361436104495,4413.534637090194,16130.85508277209,1.0
16903.91986057847,17166.188603149167,4738.819286816962,15515.45865020356,1.0
15218.486302669622,14688.43941574187,5206.967833169172,18247.110629524934,1.0
13602.057724265112,20466.415279296518,8692.73086530376,18610.906913093753,0.0
14423.238888589052,17525.15556607266,5829.045003510504,17244.747593090113,1.0
17462.27943649856,13235.289071918649,4858.245793219317,15562.268337881556,1.0
14924.8304958863,15863.364046535225,5219.150713103828,15377.92207450261,1.0
13044.24322492103,18912.35588124796,8656.355960102088,16206.89505804093,0.0
12168.42447655711,21449.171954532485,7389.697184409502,16676.452290082932,0.0
12684.600773006778,21244.43956421617,7345.395457269557,17446.3756200224,0.0
14689.719281102729,20893.65275924881,8325.428986232642,18362.464963345512,0.0
15811.250171190517,15668.199714027249,3968.3798284093027,15253.860012666237,1.0
14959.15563209352,14745.573711076277,3936.1114831913346,17841.117733312654,1.0
14701.493536203914,13905.420869383004,4301.19091880923,16439.986216020185,1.0
13508.04528297728,21232.409807790238,6752.997084716171,16119.923953244775,0.0
12983.297731319512,18459.47929488857,9264.776860970598,17261.881667678506,0.0
